Workbook

Sheet EV_Data
A1: Model_Year | B1: Manufacturer | C1: Brand | D1: Model | E1: Drive_Type | F1: Vehicle_Class | G1: City_MPGe | H1: Hwy_MPGe | I1: Combined_MPGe | J1: Annual_Fuel_Cost | K1: FE_Rating | L1: GHG_Rating | M1: Savings_5yr | N1: Extra_Spend_5yr | O1: City_CO2 | P1: Hwy_CO2 | Q1: Combined_CO2 | R1: Range_Miles_Combined | S1: Range_Miles_City | T1: Range_Miles_Hwy | U1: Charge_Time_240V_hrs | V1: Charge_Time_120V_hrs | W1: Motor_Power_kW | X1: Battery_Type | Y1: Regen_Braking_Type
A2: 2025 | B2: Volkswagen Group of | C2: Audi | D2: Q8 e-tron quattro | E2: All Wheel Drive | F2: Standard SUV 4WD | G2: 44 | H2: 42 | I2: 43 | J2: 1050 | K2: 9 | L2: 10 | M2: 4250 | O2: 0 | P2: 0 | Q2: 0 | R2: 272 | S2: 267 | T2: 278 | U2: 16 | W2: 141 and 172 | X2: Lithium Ion | Y2: Electrical Regen Brake
A3: 2025 | B3: Volkswagen Group of | C3: Audi | D3: Q8 Sportback e-tron quattro | E3: All Wheel Drive | F3: Standard SUV 4WD | G3: 77 | H3: 80 | I3: 78 | J3: 1050 | K3: 9 | L3: 10 | M3: 4250 | O3: 0 | P3: 0 | Q3: 0 | R3: 272 | S3: 267 | T3: 278 | U3: 16 | W3: 141 and 172 | X3: Lithium Ion | Y3: Electrical Regen Brake
A4: 2025 | B4: Volkswagen Group of | C4: Audi | D4: Q8 Sportback e-tron quattro | E4: All Wheel Drive | F4: Standard SUV 4WD | G4: 44 | H4: 42 | I4: 43 | J4: 1050 | K4: 9 | L4: 10 | M4: 4250 | O4: 0 | P4: 0 | Q4: 0 | R4: 272 | S4: 267 | T4: 278 | U4: 16 | W4: 141 and 172 | X4: Lithium Ion | Y4: Electrical Regen Brake
A5: 2025 | B5: Volkswagen Group of | C5: Audi | D5: S e-tron GT (20in. Wheels) | E5: All Wheel Drive | F5: Subcompact Cars | G5: 91 | H5: 88 | I5: 90 | J5: 900 | K5: 9 | L5: 10 | M5: 5000 | O5: 0 | P5: 0 | Q5: 0 | R5: 300 | S5: 305 | T5: 294 | U5: 15.5 | W5: 176, 176 and 415 | X5: Lithium Ion | Y5: Electrical Regen Brake
A6: 2025 | B6: Volkswagen Group of | C6: Audi | D6: S e-tron GT (20in. Wheels) | E6: All Wheel Drive | F6: Subcompact Cars | G6: 37 | H6: 38 | I6: 38 | J6: 900 | K6: 9 | L6: 10 | M6: 5000 | O6: 0 | P6: 0 | Q6: 0 | R6: 300 | S6: 305 | T6: 294 | U6: 15.5 | W6: 176, 176 and 415 | X6: Lithium Ion | Y6: Electrical Regen Brake
A7: 2025 | B7: Volkswagen Group of | C7: Audi | D7: RS e-tron GT Performance | E7: All Wheel Drive | F7: Subcompact Cars | G7: 85 | H7: 82 | I7: 84 | J7: 950 | K7: 9 | L7: 10 | M7: 4750 | O7: 0 | P7: 0 | Q7: 0 | R7: 278 | S7: 283 | T7: 272 | U7: 15.5 | W7: 252 and 415 | X7: Lithium Ion | Y7: Electrical Regen Brake
A8: 2025 | B8: Volkswagen Group of | C8: Audi | D8: RS e-tron GT Performance | E8: All Wheel Drive | F8: Subcompact Cars | G8: 39 | H8: 41 | I8: 40 | J8: 950 | K8: 9 | L8: 10 | M8: 4750 | O8: 0 | P8: 0 | Q8: 0 | R8: 278 | S8: 283 | T8: 272 | U8: 15.5 | W8: 252 and 415 | X8: Lithium Ion | Y8: Electrical Regen Brake
A9: 2025 | B9: Volkswagen Group of | C9: Audi | D9: SQ8 e-tron (20in wheels) | E9: All Wheel Drive | F9: Standard SUV 4WD | G9: 68 | H9: 72 | I9: 70 | J9: 1150 | K9: 9 | L9: 10 | M9: 3750 | O9: 0 | P9: 0 | Q9: 0 | R9: 242 | S9: 237 | T9: 249 | U9: 16 | W9: 138 and 157 | X9: Lithium Ion | Y9: Electrical Regen Brake
A10: 2025 | B10: Volkswagen Group of | C10: Audi | D10: SQ8 e-tron (20in wheels) | E10: All Wheel Drive | F10: Standard SUV 4WD | G10: 49 | H10: 47 | I10: 48 | J10: 1150 | K10: 9 | L10: 10 | M10: 3750 | O10: 0 | P10: 0 | Q10: 0 | R10: 242 | S10: 237 | T10: 249 | U10: 16 | W10: 138 and 157 | X10: Lithium Ion | Y10: Electrical Regen Brake
A11: 2025 | B11: Volkswagen Group of | C11: Audi | D11: SQ8 Sportback e-tron (20in wheels) | E11: All Wheel Drive | F11: Standard SUV 4WD | G11: 68 | H11: 72 | I11: 70 | J11: 1150 | K11: 9 | L11: 10 | M11: 3750 | O11: 0 | P11: 0 | Q11: 0 | R11: 242 | S11: 237 | T11: 249 | U11: 16 | W11: 138 and 157 | X11: Lithium Ion | Y11: Electrical Regen Brake
A12: 2025 | B12: Volkswagen Group of | C12: Audi | D12: SQ8 Sportback e-tron (20in wheels) | E12: All Wheel Drive | F12: Standard SUV 4WD | G12: 49 | H12: 47 | I12: 48 | J12: 1150 | K12: 9 | L12: 10 | M12: 3750 | O12: 0 | P12: 0 | Q12: 0 | R12: 242 | S12: 237 | T12: 249 | U12: 16 | W12: 138 and 157 | X12: Lithium Ion | Y12: Electrical Regen Brake
A13: 2025 | B13: Volkswagen Group of | C13: Audi | D13: SQ8 e-tron (21/22in wheels) | E13: All Wheel Drive | F13: Standard SUV 4WD | G13: 59 | H13: 60 | I13: 60 | J13: 1350 | K13: 10 | L13: 10 | M13: 2750 | O13: 0 | P13: 0 | Q13: 0 | R13: 208 | S13: 206 | T13: 210 | U13: 16 | W13: 138 and 157 | X13: Lithium Ion | Y13: Electrical Regen Brake
... A666: 2025 | B666: Volvo | C666: Volvo Cars of North America, LLC | D666: EX30 Twin Performance (20 Inch Wheels) | E666: All Wheel Drive | F666: Small SUV 4WD | G666: 29 | H666: 34 | I666: 31 | J666: 750 | K666: 9 | L666: 10 | M666: 5750 | O666: 0 | P666: 0 | Q666: 0 | R666: 250 | S666: 269 | T666: 227 | U666: 8 | W666: 115 and 185 | X666: Lithium Ion | Y666: Electrical Regen Brake

Sheet EV_Pivot
A3: Row Labels | B3: Avg MPGe | C3: Avg Annual Fuel Cost | D3: Avg GHG Rating | E3: Avg Range(miles) | F3: Average of Savings_5yr
A4: Compact Cars | B4: 63.971429 | C4: 910 | D4: 10 | E4: 274.82857 | F4: 4942.8571
A5: Large Cars | B5: 67.960526 | C5: 812.5 | D5: 10 | E5: 357.31579 | F5: 5434.2105
A6: Midsize Cars | B6: 68.62 | C6: 808 | D6: 10 | E6: 280.2 | F6: 5460
A7: Midsize Station Wagons | B7: 61.5 | C7: 987.5 | D7: 10 | E7: 262.25 | F7: 4562.5
A8: Minicompact Cars | B8: 71.5 | C8: 725 | D8: 10 | E8: 145 | F8: 5875
A9: Small Station Wagons | B9: 61.5 | C9: 1000 | D9: 10 | E9: 303 | F9: 4500
A10: Small SUV 2WD | B10: 69.878788 | C10: 744.69697 | D10: 10 | E10: 268.36364 | F10: 5704.5455
A11: Small SUV 4WD | B11: 65.45 | C11: 860 | D11: 10 | E11: 257.72 | F11: 5200
A12: Special Purpose Vehicle 2WD | B12: 62.5 | C12: 950 | D12: 10 | E12: 176 | F12: 4750
A13: Special Purpose Vehicle 4WD | B13: 59.625 | C13: 1300 | D13: 10 | E13: 246.75 | F13: 3000
A14: Special Purpose Vehicle, minivan 2WD | B14: 62 | C14: 1000 | D14: 10 | E14: 234 | F14: 4500
A15: Special Purpose Vehicle, minivan 4WD | B15: 61 | C15: 1000 | D15: 10 | E15: 231 | F15: 4500
... A22: Grand Total | B22: 64.544361 | C22: 942.40602 | D22: 9.9879699 | E22: 294.88421 | F22: 4853.7594

Sheet ICE_Data
A1: Model_Year | B1: Manufacturer | C1: Brand | D1: Model | E1: Engine_Displacement | F1: Cylinders | G1: Transmission | H1: Num_Gears | I1: Drive_Type | J1: City_MPG | K1: Hwy_MPG | L1: Combined_MPG | M1: Vehicle_Class | N1: Annual_Fuel_Cost | O1: FE_Rating | P1: GHG_Rating | Q1: City_CO2 | R1: Hwy_CO2 | S1: Combined_CO2 | T1: Savings_5yr | U1: Extra_Spend_5yr | V1: Gas_Guzzler | W1: Air_Aspiration | X1: StopStart_System
A2: 2025 | B2: Honda | C2: Acura | D2: ADX AWD | E2: 1.5 | F2: 4 | G2: Auto(AV-S7) | H2: 7 | I2: All Wheel Drive | J2: 25 | K2: 30 | L2: 27 | M2: Small Station Wagons | N2: 2350 | O2: 5 | P2: 5 | Q2: 355 | R2: 291 | S2: 329 | U2: 2250 | W2: Turbocharged | X2: Yes
A3: 2025 | B3: Honda | C3: Acura | D3: ADX FWD | E3: 1.5 | F3: 4 | G3: Auto(AV-S7) | H3: 7 | I3: 2-Wheel Drive, Front | J3: 26 | K3: 31 | L3: 28 | M3: Small Station Wagons | N3: 2300 | O3: 6 | P3: 6 | Q3: 341 | R3: 286 | S3: 317 | U3: 2000 | W3: Turbocharged | X3: Yes
A4: 2025 | B4: Honda | C4: Acura | D4: INTEGRA | E4: 1.5 | F4: 4 | G4: Auto(AV-S7) | H4: 7 | I4: 2-Wheel Drive, Front | J4: 30 | K4: 37 | L4: 33 | M4: Large Cars | N4: 1950 | O4: 6 | P4: 6 | Q4: 296 | R4: 237 | S4: 269 | U4: 250 | W4: Turbocharged | X4: Yes
A5: 2025 | B5: Honda | C5: Acura | D5: INTEGRA | E5: 2 | F5: 4 | G5: Manual(M6) | H5: 6 | I5: 2-Wheel Drive, Front | J5: 21 | K5: 28 | L5: 24 | M5: Large Cars | N5: 2650 | O5: 5 | P5: 5 | Q5: 419 | R5: 312 | S5: 371 | U5: 3750 | W5: Turbocharged | X5: No
A6: 2025 | B6: Honda | C6: Acura | D6: INTEGRA A-SPEC | E6: 1.5 | F6: 4 | G6: Auto(AV-S7) | H6: 7 | I6: 2-Wheel Drive, Front | J6: 29 | K6: 36 | L6: 32 | M6: Large Cars | N6: 2000 | O6: 6 | P6: 6 | Q6: 304 | R6: 245 | S6: 277 | U6: 500 | W6: Turbocharged | X6: Yes
A7: 2025 | B7: Honda | C7: Acura | D7: INTEGRA A-SPEC | E7: 1.5 | F7: 4 | G7: Manual(M6) | H7: 6 | I7: 2-Wheel Drive, Front | J7: 26 | K7: 36 | L7: 30 | M7: Large Cars | N7: 2100 | O7: 6 | P7: 6 | Q7: 339 | R7: 241 | S7: 293 | U7: 1000 | W7: Turbocharged | X7: Yes
A8: 2025 | B8: Honda | C8: Acura | D8: MDX AWD | E8: 3.5 | F8: 6 | G8: Auto(S10) | H8: 10 | I8: All Wheel Drive | J8: 19 | K8: 25 | L8: 21 | M8: Small SUV 4WD | N8: 3050 | O8: 4 | P8: 4 | Q8: 477 | R8: 357 | S8: 423 | U8: 5750 | W8: Naturally Aspirated | X8: Yes
A9: 2025 | B9: Honda | C9: Acura | D9: MDX AWD Type-S | E9: 3 | F9: 6 | G9: Auto(S10) | H9: 10 | I9: All Wheel Drive | J9: 17 | K9: 21 | L9: 19 | M9: Standard SUV 4WD | N9: 3350 | O9: 4 | P9: 4 | Q9: 523 | R9: 414 | S9: 474 | U9: 7250 | W9: Turbocharged | X9: Yes
A10: 2025 | B10: Honda | C10: Acura | D10: MDX FWD | E10: 3.5 | F10: 6 | G10: Auto(S10) | H10: 10 | I10: 2-Wheel Drive, Front | J10: 19 | K10: 26 | L10: 22 | M10: Small SUV 2WD | N10: 2900 | O10: 5 | P10: 5 | Q10: 470 | R10: 339 | S10: 411 | U10: 5000 | W10: Naturally Aspirated | X10: Yes
A11: 2025 | B11: Honda | C11: Acura | D11: RDX AWD | E11: 2 | F11: 4 | G11: Auto(S10) | H11: 10 | I11: All Wheel Drive | J11: 21 | K11: 27 | L11: 23 | M11: Small SUV 4WD | N11: 2750 | O11: 5 | P11: 5 | Q11: 415 | R11: 322 | S11: 385 | U11: 4250 | W11: Turbocharged | X11: Yes
A12: 2025 | B12: Honda | C12: Acura | D12: RDX AWD A-SPEC | E12: 2 | F12: 4 | G12: Auto(S10) | H12: 10 | I12: All Wheel Drive | J12: 21 | K12: 26 | L12: 23 | M12: Small SUV 4WD | N12: 2750 | O12: 5 | P12: 5 | Q12: 423 | R12: 342 | S12: 386 | U12: 4250 | W12: Turbocharged | X12: Yes
A13: 2025 | B13: Honda | C13: Acura | D13: TLX AWD A-SPEC | E13: 2 | F13: 4 | G13: Auto(S10) | H13: 10 | I13: All Wheel Drive | J13: 21 | K13: 29 | L13: 24 | M13: Compact Cars | N13: 2650 | O13: 5 | P13: 5 | Q13: 425 | R13: 305 | S13: 371 | U13: 3750 | W13: Turbocharged | X13: Yes
... A21: 2025 | B21: aston martin | C21: Aston Martin Lagonda Ltd | D21: DBX 707 | E21: 4 | F21: 8 | G21: Auto(A9) | H21: 9 | I21: 4-Wheel Drive | J21: 15 | K21: 20 | L21: 17 | M21: Standard SUV 4WD | N21: 3750 | O21: 3 | P21: 3 | Q21: 602 | R21: 457 | S21: 536 | U21: 9250 | W21: Turbocharged | X21: No
A22: 2025 | B22: aston martin | C22: Aston Martin Lagonda Ltd | D22: Vanquish | E22: 5.2 | F22: 12 | G22: Auto(A8) | H22: 8 | I22: 2-Wheel Drive, Rear | J22: 13 | K22: 21 | L22: 16 | M22: Two Seaters | N22: 4000 | O22: 3 | P22: 3 | Q22: 671 | R22: 431 | S22: 563 | U22: 10500 | V22: G | W22: Turbocharged | X22: No
A23: 2025 | B23: aston martin | C23: Aston Martin Lagonda Ltd | D23: Vantage | E23: 4 | F23: 8 | G23: Auto(A8) | H23: 8 | I23: 2-Wheel Drive, Rear | J23: 15 | K23: 22 | L23: 18 | M23: Two Seaters | N23: 3550 | O23: 4 | P23: 4 | Q23: 579 | R23: 399 | S23: 498 | U23: 8250 | W23: Turbocharged | X23: No
A24: 2025 | B24: Volkswagen Group of | C24: Audi | D24: A3 quattro | E24: 2 | F24: 4 | G24: Auto(AM-S7) | H24: 7 | I24: All Wheel Drive | J24: 24 | K24: 34 | L24: 28 | M24: Subcompact Cars | N24: 2300 | O24: 6 | P24: 6 | Q24: 364 | R24: 262 | S24: 318 | U24: 2000 | W24: Turbocharged | X24: Yes
A25: 2025 | B25: Volkswagen Group of | C25: Audi | D25: A4 allroad quattro | E25: 2 | F25: 4 | G25: Auto(AM-S7) | H25: 7 | I25: All Wheel Drive | J25: 23 | K25: 30 | L25: 26 | M25: Small Station Wagons | N25: 2450 | O25: 5 | P25: 5 | Q25: 389 | R25: 293 | S25: 346 | U25: 2750 | W25: Turbocharged | X25: Yes
A26: 2025 | B26: Volkswagen Group of | C26: Audi | D26: A4 quattro | E26: 2 | F26: 4 | G26: Auto(AM-S7) | H26: 7 | I26: All Wheel Drive | J26: 26 | K26: 36 | L26: 29 | M26: Compact Cars | N26: 2200 | O26: 6 | P26: 6 | Q26: 344 | R26: 248 | S26: 301 | U26: 1500 | W26: Turbocharged | X26: Yes
A27: 2025 | B27: Volkswagen Group of | C27: Audi | D27: A4 S line quattro | E27: 2 | F27: 4 | G27: Auto(AM-S7) | H27: 7 | I27: All Wheel Drive | J27: 23 | K27: 32 | L27: 26 | M27: Compact Cars | N27: 2450 | O27: 5 | P27: 5 | Q27: 389 | R27: 279 | S27: 339 | U27: 2750 | W27: Turbocharged | X27: Yes
A28: 2025 | B28: Volkswagen Group of | C28: Audi | D28: A5 quattro | E28: 2 | F28: 4 | G28: Auto(AM-S7) | H28: 7 | I28: All Wheel Drive | J28: 22 | K28: 31 | L28: 26 | M28: Midsize Cars | N28: 2450 | O28: 5 | P28: 5 | Q28: 399 | R28: 287 | S28: 349 | U28: 2750 | W28: Turbocharged | X28: Yes
A29: 2025 | B29: Volkswagen Group of | C29: Audi | D29: A5 Sportback quattro | E29: 2 | F29: 4 | G29: Auto(AM-S7) | H29: 7 | I29: All Wheel Drive | J29: 26 | K29: 36 | L29: 29 | M29: Midsize Cars | N29: 2200 | O29: 6 | P29: 6 | Q29: 344 | R29: 248 | S29: 301 | U29: 1500 | W29: Turbocharged | X29: Yes
A30: 2025 | B30: Volkswagen Group of | C30: Audi | D30: A5 Sportback S line quattro | E30: 2 | F30: 4 | G30: Auto(AM-S7) | H30: 7 | I30: All Wheel Drive | J30: 23 | K30: 32 | L30: 26 | M30: Midsize Cars | N30: 2450 | O30: 5 | P30: 5 | Q30: 389 | R30: 279 | S30: 339 | U30: 2750 | W30: Turbocharged | X30: Yes
A31: 2025 | B31: Volkswagen Group of | C31: Audi | D31: A6 allroad quattro | E31: 3 | F31: 6 | G31: Auto(AM-S7) | H31: 7 | I31: All Wheel Drive | J31: 22 | K31: 30 | L31: 25 | M31: Midsize Station Wagons | N31: 2550 | O31: 5 | P31: 5 | Q31: 406 | R31: 295 | S31: 356 | U31: 3250 | W31: Turbocharged | X31: Yes
A32: 2025 | B32: Volkswagen Group of | C32: Audi | D32: A6 quattro | E32: 2 | F32: 4 | G32: Auto(AM-S7) | H32: 7 | I32: All Wheel Drive | J32: 24 | K32: 31 | L32: 26 | M32: Midsize Cars | N32: 2450 | O32: 5 | P32: 5 | Q32: 379 | R32: 291 | S32: 339 | U32: 2750 | W32: Turbocharged | X32: Yes
A33: 2025 | B33: Volkswagen Group of | C33: Audi | D33: A6 quattro | E33: 3 | F33: 6 | G33: Auto(AM-S7) | H33: 7 | I33: All Wheel Drive | J33: 22 | K33: 30 | L33: 25 | M33: Midsize Cars | N33: 2550 | O33: 5 | P33: 5 | Q33: 406 | R33: 295 | S33: 356 | U33: 3250 | W33: Turbocharged | X33: Yes
A34: 2025 | B34: Volkswagen Group of | C34: Audi | D34: A7 quattro | E34: 3 | F34: 6 | G34: Auto(AM-S7) | H34: 7 | I34: All Wheel Drive | J34: 22 | K34: 30 | L34: 25 | M34: Midsize Cars | N34: 2550 | O34: 5 | P34: 5 | Q34: 406 | R34: 295 | S34: 356 | U34: 3250 | W34: Turbocharged | X34: Yes
... A47: 2025 | B47: Volkswagen Group of | C47: Audi | D47: RS 5 Sportback | E47: 2.9 | F47: 6 | G47: Auto(S8) | H47: 8 | I47: All Wheel Drive | J47: 18 | K47: 25 | L47: 20 | M47: Midsize Cars | N47: 3200 | O47: 4 | P47: 4 | Q47: 502 | R47: 361 | S47: 438 | U47: 6500 | W47: Turbocharged | X47: No
A48: 2025 | B48: Volkswagen Group of | C48: Audi | D48: RS 6 Avant | E48: 4 | F48: 8 | G48: Auto(S8) | H48: 8 | I48: All Wheel Drive | J48: 14 | K48: 21 | L48: 17 | M48: Midsize Station Wagons | N48: 3750 | O48: 3 | P48: 3 | Q48: 638 | R48: 416 | S48: 538 | U48: 9250 | V48: G | W48: Turbocharged | X48: Yes
A49: 2025 | B49: Volkswagen Group of | C49: Audi | D49: RS 7 | E49: 4 | F49: 8 | G49: Auto(S8) | H49: 8 | I49: All Wheel Drive | J49: 14 | K49: 21 | L49: 17 | M49: Midsize Cars | N49: 3750 | O49: 3 | P49: 3 | Q49: 638 | R49: 416 | S49: 538 | U49: 9250 | V49: G | W49: Turbocharged | X49: Yes
A50: 2025 | B50: Volkswagen Group of | C50: Audi | D50: RS Q8 Performance | E50: 4 | F50: 8 | G50: Auto(S8) | H50: 8 | I50: All Wheel Drive | J50: 14 | K50: 20 | L50: 16 | M50: Standard SUV 4WD | N50: 4000 | O50: 3 | P50: 3 | Q50: 622 | R50: 454 | S50: 547 | U50: 10500 | W50: Turbocharged | X50: Yes
A51: 2025 | B51: Volkswagen Group of | C51: Audi | D51: S3 | E51: 2 | F51: 4 | G51: Auto(AM-S7) | H51: 7 | I51: All Wheel Drive | J51: 23 | K51: 31 | L51: 26 | M51: Subcompact Cars | N51: 2450 | O51: 5 | P51: 5 | Q51: 392 | R51: 285 | S51: 344 | U51: 2750 | W51: Turbocharged | X51: Yes
A52: 2025 | B52: Volkswagen Group of | C52: Audi | D52: S4 | E52: 3 | F52: 6 | G52: Auto(S8) | H52: 8 | I52: All Wheel Drive | J52: 20 | K52: 29 | L52: 24 | M52: Compact Cars | N52: 2650 | O52: 5 | P52: 5 | Q52: 433 | R52: 308 | S52: 377 | U52: 3750 | W52: Turbocharged | X52: Yes
A53: 2025 | B53: Volkswagen Group of | C53: Audi | D53: S5 | E53: 3 | F53: 6 | G53: Auto(AM-S7) | H53: 7 | I53: All Wheel Drive | J53: 19 | K53: 28 | L53: 22 | M53: Midsize Cars | N53: 2900 | O53: 5 | P53: 5 | Q53: 466 | R53: 314 | S53: 397 | U53: 5000 | W53: Turbocharged | X53: Yes
A54: 2025 | B54: Volkswagen Group of | C54: Audi | D54: S5 Sportback | E54: 3 | F54: 6 | G54: Auto(S8) | H54: 8 | I54: All Wheel Drive | J54: 20 | K54: 29 | L54: 23 | M54: Midsize Cars | N54: 2750 | O54: 5 | P54: 5 | Q54: 444 | R54: 311 | S54: 384 | U54: 4250 | W54: Turbocharged | X54: Yes
A55: 2025 | B55: Volkswagen Group of | C55: Audi | D55: S6 | E55: 2.9 | F55: 6 | G55: Auto(S8) | H55: 8 | I55: All Wheel Drive | J55: 19 | K55: 27 | L55: 22 | M55: Midsize Cars | N55: 2900 | O55: 5 | P55: 5 | Q55: 468 | R55: 335 | S55: 408 | U55: 5000 | W55: Other | X55: Yes
A56: 2025 | B56: Volkswagen Group of | C56: Audi | D56: S7 | E56: 2.9 | F56: 6 | G56: Auto(S8) | H56: 8 | I56: All Wheel Drive | J56: 19 | K56: 27 | L56: 22 | M56: Midsize Cars | N56: 2900 | O56: 5 | P56: 5 | Q56: 468 | R56: 335 | S56: 408 | U56: 5000 | W56: Other | X56: Yes
A57: 2025 | B57: Volkswagen Group of | C57: Audi | D57: S8 | E57: 4 | F57: 8 | G57: Auto(S8) | H57: 8 | I57: All Wheel Drive | J57: 15 | K57: 24 | L57: 18 | M57: Large Cars | N57: 3550 | O57: 4 | P57: 4 | Q57: 605 | R57: 377 | S57: 502 | U57: 8250 | W57: Turbocharged | X57: Yes
A58: 2025 | B58: Volkswagen Group of | C58: Audi | D58: SQ5 | E58: 3 | F58: 6 | G58: Auto(S8) | H58: 8 | I58: All Wheel Drive | J58: 19 | K58: 24 | L58: 21 | M58: Small SUV 4WD | N58: 3050 | O58: 4 | P58: 4 | Q58: 474 | R58: 370 | S58: 427 | U58: 5750 | W58: Turbocharged | X58: Yes
A59: 2025 | B59: Volkswagen Group of | C59: Audi | D59: SQ5 | E59: 3 | F59: 6 | G59: Auto(AM-S7) | H59: 7 | I59: All Wheel Drive | J59: 19 | K59: 26 | L59: 22 | M59: Small SUV 4WD | N59: 2900 | O59: 5 | P59: 5 | Q59: 460 | R59: 336 | S59: 404 | U59: 5000 | W59: Turbocharged | X59: Yes
A60: 2025 | B60: Volkswagen Group of | C60: Audi | D60: SQ5 Sportback | E60: 3 | F60: 6 | G60: Auto(S8) | H60: 8 | I60: All Wheel Drive | J60: 19 | K60: 24 | L60: 21 | M60: Small SUV 4WD | N60: 3050 | O60: 4 | P60: 4 | Q60: 474 | R60: 370 | S60: 427 | U60: 5750 | W60: Turbocharged | X60: Yes
A61: 2025 | B61: Volkswagen Group of | C61: Audi | D61: SQ5 Sportback | E61: 3 | F61: 6 | G61: Auto(AM-S7) | H61: 7 | I61: All Wheel Drive | J61: 19 | K61: 26 | L61: 22 | M61: Small SUV 4WD | N61: 2900 | O61: 5 | P61: 5 | Q61: 460 | R61: 336 | S61: 404 | U61: 5000 | W61: Turbocharged | X61: Yes
... A110: 2025 | B110: BMW | C110: BMW | D110: M4CompetitionMxDriveConvertible | E110: 3 | F110: 6 | G110: Auto(S8) | H110: 8 | I110: All Wheel Drive | J110: 16 | K110: 22 | L110: 18 | M110: Subcompact Cars | N110: 3550 | O110: 4 | P110: 4 | Q110: 553 | R110: 388 | S110: 479 | U110: 8250 | W110: Turbocharged | X110: Yes
A111: 2025 | B111: BMW | C111: BMW | D111: M8 Competition Convertible | E111: 4.4 | F111: 8 | G111: Auto(S8) | H111: 8 | I111: All Wheel Drive | J111: 15 | K111: 22 | L111: 17 | M111: Subcompact Cars | N111: 3750 | O111: 3 | P111: 3 | Q111: 604 | R111: 411 | S111: 517 | U111: 9250 | V111: G | W111: Turbocharged | X111: Yes
A112: 2025 | B112: BMW | C112: BMW | D112: M8 Competition Coupe | E112: 4.4 | F112: 8 | G112: Auto(S8) | H112: 8 | I112: All Wheel Drive | J112: 15 | K112: 22 | L112: 17 | M112: Subcompact Cars | N112: 3750 | O112: 3 | P112: 3 | Q112: 604 | R112: 411 | S112: 517 | U112: 9250 | V112: G | W112: Turbocharged | X112: Yes
A113: 2025 | B113: BMW | C113: BMW | D113: M8 Competition Gran Coupe | E113: 4.4 | F113: 8 | G113: Auto(S8) | H113: 8 | I113: All Wheel Drive | J113: 15 | K113: 22 | L113: 17 | M113: Midsize Cars | N113: 3750 | O113: 3 | P113: 3 | Q113: 604 | R113: 411 | S113: 517 | U113: 9250 | V113: G | W113: Turbocharged | X113: Yes
A114: 2025 | B114: BMW | C114: BMW | D114: M850i xDrive Convertible | E114: 4.4 | F114: 8 | G114: Auto(S8) | H114: 8 | I114: All Wheel Drive | J114: 17 | K114: 24 | L114: 19 | M114: Subcompact Cars | N114: 3350 | O114: 4 | P114: 4 | Q114: 530 | R114: 371 | S114: 458 | U114: 7250 | W114: Turbocharged | X114: Yes
A115: 2025 | B115: BMW | C115: BMW | D115: M850i xDrive Coupe | E115: 4.4 | F115: 8 | G115: Auto(S8) | H115: 8 | I115: All Wheel Drive | J115: 17 | K115: 24 | L115: 19 | M115: Subcompact Cars | N115: 3350 | O115: 4 | P115: 4 | Q115: 526 | R115: 371 | S115: 456 | U115: 7250 | W115: Turbocharged | X115: Yes
A116: 2025 | B116: BMW | C116: BMW | D116: M850i xDrive Gran Coupe | E116: 4.4 | F116: 8 | G116: Auto(S8) | H116: 8 | I116: All Wheel Drive | J116: 17 | K116: 24 | L116: 19 | M116: Midsize Cars | N116: 3350 | O116: 4 | P116: 4 | Q116: 530 | R116: 371 | S116: 458 | U116: 7250 | W116: Turbocharged | X116: Yes
A117: 2025 | B117: BMW | C117: BMW | D117: X1 M35i | E117: 2 | F117: 4 | G117: Auto(AM-S7) | H117: 7 | I117: All Wheel Drive | J117: 23 | K117: 31 | L117: 26 | M117: Small SUV 4WD | N117: 2450 | O117: 5 | P117: 5 | Q117: 377 | R117: 282 | S117: 334 | U117: 2750 | W117: Turbocharged | X117: Yes
A118: 2025 | B118: BMW | C118: BMW | D118: X1 xDrive28i | E118: 2 | F118: 4 | G118: Auto(AM-S7) | H118: 7 | I118: All Wheel Drive | J118: 24 | K118: 33 | L118: 28 | M118: Small SUV 4WD | N118: 2300 | O118: 6 | P118: 6 | Q118: 361 | R118: 265 | S118: 318 | U118: 2000 | W118: Turbocharged | X118: Yes
A119: 2025 | B119: BMW | C119: BMW | D119: X2 M35i | E119: 2 | F119: 4 | G119: Auto(AM-S7) | H119: 7 | I119: All Wheel Drive | J119: 23 | K119: 32 | L119: 26 | M119: Small SUV 4WD | N119: 2450 | O119: 5 | P119: 5 | Q119: 382 | R119: 272 | S119: 332 | U119: 2750 | W119: Turbocharged | X119: Yes
A120: 2025 | B120: BMW | C120: BMW | D120: X2 xDrive28i | E120: 2 | F120: 4 | G120: Auto(AM-S7) | H120: 7 | I120: All Wheel Drive | J120: 24 | K120: 33 | L120: 28 | M120: Small SUV 4WD | N120: 2300 | O120: 6 | P120: 6 | Q120: 361 | R120: 265 | S120: 318 | U120: 2000 | W120: Turbocharged | X120: Yes
A121: 2025 | B121: BMW | C121: BMW | D121: X3 M50i xDrive | E121: 3 | F121: 4 | G121: Auto(S8) | H121: 8 | I121: All Wheel Drive | J121: 25 | K121: 30 | L121: 27 | M121: Small SUV 4WD | N121: 2350 | O121: 5 | P121: 5 | Q121: 346 | R121: 288 | S121: 320 | U121: 2250 | W121: Turbocharged | X121: Yes
A122: 2025 | B122: BMW | C122: BMW | D122: X3 xDrive30i | E122: 2 | F122: 4 | G122: Auto(S8) | H122: 8 | I122: All Wheel Drive | J122: 27 | K122: 33 | L122: 29 | M122: Small SUV 4WD | N122: 2200 | O122: 6 | P122: 6 | Q122: 327 | R122: 265 | S122: 299 | U122: 1500 | W122: Turbocharged | X122: Yes
A123: 2025 | B123: BMW | C123: BMW | D123: X4 M | E123: 3 | F123: 6 | G123: Auto(S8) | H123: 8 | I123: All Wheel Drive | J123: 15 | K123: 20 | L123: 17 | M123: Small SUV 4WD | N123: 3750 | O123: 3 | P123: 3 | Q123: 587 | R123: 437 | S123: 519 | U123: 9250 | W123: Turbocharged | X123: Yes
A124: 2025 | B124: BMW | C124: BMW | D124: X4 M Competition | E124: 3 | F124: 6 | G124: Auto(S8) | H124: 8 | I124: All Wheel Drive | J124: 15 | K124: 20 | L124: 17 | M124: Small SUV 4WD | N124: 3750 | O124: 3 | P124: 3 | Q124: 587 | R124: 437 | S124: 519 | U124: 9250 | W124: Turbocharged | X124: Yes
A125: 2025 | B125: BMW | C125: BMW | D125: X4 M40i | E125: 3 | F125: 6 | G125: Auto(S8) | H125: 8 | I125: All Wheel Drive | J125: 22 | K125: 26 | L125: 23 | M125: Small SUV 4WD | N125: 2750 | O125: 5 | P125: 5 | Q125: 409 | R125: 337 | S125: 377 | U125: 4250 | W125: Turbocharged | X125: Yes
... A138: 2025 | B138: BMW | C138: BMW | D138: Z4 sDrive30i | E138: 2 | F138: 4 | G138: Auto(S8) | H138: 8 | I138: 2-Wheel Drive, Rear | J138: 25 | K138: 33 | L138: 28 | M138: Two Seaters | N138: 2300 | O138: 6 | P138: 6 | Q138: 351 | R138: 266 | S138: 312 | U138: 2000 | W138: Turbocharged | X138: Yes
A139: 2025 | B139: Volkswagen Group of | C139: Bugatti | D139: Mistral | E139: 8 | F139: 16 | G139: Auto(AM-S7) | H139: 7 | I139: All Wheel Drive | J139: 8 | K139: 12 | L139: 9 | M139: Two Seaters | N139: 7100 | O139: 1 | P139: 1 | Q139: 1121 | R139: 726 | S139: 943 | U139: 26000 | V139: G | W139: Turbocharged | X139: No
A140: 2025 | B140: General Motors | C140: Buick | D140: ENCLAVE AWD | E140: 2.5 | F140: 4 | G140: Auto(A8) | H140: 8 | I140: All Wheel Drive | J140: 19 | K140: 24 | L140: 21 | M140: Standard SUV 4WD | N140: 2500 | O140: 4 | P140: 4 | Q140: 462 | R140: 374 | S140: 422 | U140: 3000 | W140: Turbocharged | X140: Yes
A141: 2025 | B141: General Motors | C141: Buick | D141: ENCLAVE FWD | E141: 2.5 | F141: 4 | G141: Auto(A8) | H141: 8 | I141: 2-Wheel Drive, Front | J141: 20 | K141: 27 | L141: 23 | M141: Standard SUV 2WD | N141: 2300 | O141: 5 | P141: 5 | Q141: 431 | R141: 334 | S141: 387 | U141: 2000 | W141: Turbocharged | X141: Yes
A142: 2025 | B142: General Motors | C142: Buick | D142: ENCORE GX AWD | E142: 1.3 | F142: 3 | G142: Auto(A9) | H142: 9 | I142: All Wheel Drive | J142: 26 | K142: 28 | L142: 27 | M142: Small SUV 4WD | N142: 1950 | O142: 5 | P142: 5 | Q142: 347 | R142: 328 | S142: 339 | U142: 250 | W142: Turbocharged | X142: Yes
A143: 2025 | B143: General Motors | C143: Buick | D143: ENCORE GX FWD | E143: 1.3 | F143: 3 | G143: Auto(AV) | H143: 1 | I143: 2-Wheel Drive, Front | J143: 29 | K143: 31 | L143: 30 | M143: Small SUV 2WD | N143: 1750 | O143: 6 | P143: 6 | Q143: 302 | R143: 287 | S143: 297 | T143: 750 | W143: Turbocharged | X143: Yes
A144: 2025 | B144: General Motors | C144: Buick | D144: ENCORE GX FWD | E144: 1.2 | F144: 3 | G144: Auto(AV) | H144: 1 | I144: 2-Wheel Drive, Front | J144: 30 | K144: 31 | L144: 30 | M144: Small SUV 2WD | N144: 1750 | O144: 6 | P144: 6 | Q144: 293 | R144: 284 | S144: 297 | T144: 750 | W144: Turbocharged | X144: Yes
A145: 2025 | B145: General Motors | C145: Buick | D145: ENVISION AWD | E145: 2 | F145: 4 | G145: Auto(S9) | H145: 9 | I145: All Wheel Drive | J145: 22 | K145: 28 | L145: 24 | M145: Small SUV 4WD | N145: 2200 | O145: 5 | P145: 5 | Q145: 404 | R145: 315 | S145: 371 | U145: 1500 | W145: Turbocharged | X145: Yes
A146: 2025 | B146: General Motors | C146: Buick | D146: ENVISTA | E146: 1.2 | F146: 3 | G146: Auto(A6) | H146: 6 | I146: 2-Wheel Drive, Front | J146: 28 | K146: 32 | L146: 30 | M146: Small Station Wagons | N146: 1750 | O146: 6 | P146: 6 | Q146: 316 | R146: 277 | S146: 296 | T146: 750 | W146: Turbocharged | X146: Yes
A147: 2025 | B147: General Motors | C147: Buick | D147: ENVISTA | E147: 1.2 | F147: 3 | G147: Auto(A6) | H147: 6 | I147: 2-Wheel Drive, Front | J147: 28 | K147: 32 | L147: 30 | M147: Small Station Wagons | N147: 1750 | O147: 6 | P147: 6 | Q147: 314 | R147: 277 | S147: 297 | T147: 750 | W147: Turbocharged | X147: Yes
A148: 2025 | B148: General Motors | C148: Cadillac | D148: CT4 | E148: 2.7 | F148: 4 | G148: Auto(S10) | H148: 10 | I148: 2-Wheel Drive, Rear | J148: 21 | K148: 31 | L148: 25 | M148: Compact Cars | N148: 2550 | O148: 5 | P148: 5 | Q148: 412 | R148: 287 | S148: 356 | U148: 3250 | W148: Turbocharged | X148: Yes
A149: 2025 | B149: General Motors | C149: Cadillac | D149: CT4 AWD | E149: 2 | F149: 4 | G149: Auto(S8) | H149: 8 | I149: All Wheel Drive | J149: 21 | K149: 31 | L149: 25 | M149: Compact Cars | N149: 2550 | O149: 5 | P149: 5 | Q149: 415 | R149: 287 | S149: 357 | U149: 3250 | W149: Turbocharged | X149: Yes
A150: 2025 | B150: General Motors | C150: Cadillac | D150: CT4 AWD | E150: 2.7 | F150: 4 | G150: Auto(S10) | H150: 10 | I150: All Wheel Drive | J150: 21 | K150: 29 | L150: 24 | M150: Compact Cars | N150: 2650 | O150: 5 | P150: 5 | Q150: 425 | R150: 305 | S150: 371 | U150: 3750 | W150: Turbocharged | X150: Yes
A151: 2025 | B151: General Motors | C151: Cadillac | D151: CT4 V | E151: 2.7 | F151: 4 | G151: Auto(S10) | H151: 10 | I151: 2-Wheel Drive, Rear | J151: 20 | K151: 29 | L151: 23 | M151: Compact Cars | N151: 2750 | O151: 5 | P151: 5 | Q151: 444 | R151: 309 | S151: 383 | U151: 4250 | W151: Turbocharged | X151: Yes
A152: 2025 | B152: General Motors | C152: Cadillac | D152: CT4 V | E152: 3.6 | F152: 6 | G152: Auto(S10) | H152: 10 | I152: 2-Wheel Drive, Rear | J152: 16 | K152: 24 | L152: 19 | M152: Compact Cars | N152: 3350 | O152: 4 | P152: 4 | Q152: 568 | R152: 368 | S152: 478 | U152: 7250 | W152: Turbocharged | X152: No
A153: 2025 | B153: General Motors | C153: Cadillac | D153: CT4 V | E153: 3.6 | F153: 6 | G153: Manual(M6) | H153: 6 | I153: 2-Wheel Drive, Rear | J153: 15 | K153: 23 | L153: 18 | M153: Compact Cars | N153: 3550 | O153: 4 | P153: 4 | Q153: 591 | R153: 387 | S153: 493 | U153: 8250 | W153: Turbocharged | X153: No
A154: 2025 | B154: General Motors | C154: Cadillac | D154: CT4 V AWD | E154: 2.7 | F154: 4 | G154: Auto(S10) | H154: 10 | I154: All Wheel Drive | J154: 20 | K154: 28 | L154: 23 | M154: Compact Cars | N154: 2750 | O154: 5 | P154: 5 | Q154: 445 | R154: 318 | S154: 387 | U154: 4250 | W154: Turbocharged | X154: Yes
A155: 2025 | B155: General Motors | C155: Cadillac | D155: CT5 | E155: 3 | F155: 6 | G155: Auto(S10) | H155: 10 | I155: 2-Wheel Drive, Rear | J155: 19 | K155: 28 | L155: 22 | M155: Midsize Cars | N155: 2900 | O155: 5 | P155: 5 | Q155: 466 | R155: 318 | S155: 399 | U155: 5000 | W155: Turbocharged | X155: Yes
A156: 2025 | B156: General Motors | C156: Cadillac | D156: CT5 | E156: 2 | F156: 4 | G156: Auto(S10) | H156: 10 | I156: 2-Wheel Drive, Rear | J156: 23 | K156: 32 | L156: 26 | M156: Midsize Cars | N156: 2450 | O156: 5 | P156: 5 | Q156: 394 | R156: 276 | S156: 341 | U156: 2750 | W156: Turbocharged | X156: Yes
A157: 2025 | B157: General Motors | C157: Cadillac | D157: CT5 AWD | E157: 3 | F157: 6 | G157: Auto(S10) | H157: 10 | I157: All Wheel Drive | J157: 18 | K157: 26 | L157: 21 | M157: Midsize Cars | N157: 3050 | O157: 4 | P157: 4 | Q157: 491 | R157: 338 | S157: 422 | U157: 5750 | W157: Turbocharged | X157: Yes
A158: 2025 | B158: General Motors | C158: Cadillac | D158: CT5 AWD | E158: 2 | F158: 4 | G158: Auto(S10) | H158: 10 | I158: All Wheel Drive | J158: 21 | K158: 30 | L158: 25 | M158: Midsize Cars | N158: 2550 | O158: 5 | P158: 5 | Q158: 415 | R158: 295 | S158: 361 | U158: 3250 | W158: Turbocharged | X158: Yes
A159: 2025 | B159: General Motors | C159: Cadillac | D159: CT5 V | E159: 3 | F159: 6 | G159: Auto(S10) | H159: 10 | I159: 2-Wheel Drive, Rear | J159: 18 | K159: 27 | L159: 21 | M159: Midsize Cars | N159: 3050 | O159: 4 | P159: 4 | Q159: 495 | R159: 330 | S159: 424 | U159: 5750 | W159: Turbocharged | X159: Yes
A160: 2025 | B160: General Motors | C160: Cadillac | D160: CT5 V | E160: 6.2 | F160: 8 | G160: Auto(S10) | H160: 10 | I160: 2-Wheel Drive, Rear | J160: 13 | K160: 20 | L160: 15 | M160: Midsize Cars | N160: 4250 | O160: 2 | P160: 2 | Q160: 697 | R160: 436 | S160: 579 | U160: 11750 | V160: G | W160: Supercharged | X160: No
A161: 2025 | B161: General Motors | C161: Cadillac | D161: CT5 V | E161: 6.2 | F161: 8 | G161: Manual(M6) | H161: 6 | I161: 2-Wheel Drive, Rear | J161: 13 | K161: 20 | L161: 15 | M161: Midsize Cars | N161: 4250 | O161: 2 | P161: 2 | Q161: 708 | R161: 438 | S161: 587 | U161: 11750 | V161: G | W161: Supercharged | X161: No
A162: 2025 | B162: General Motors | C162: Cadillac | D162: CT5 V AWD | E162: 3 | F162: 6 | G162: Auto(S10) | H162: 10 | I162: All Wheel Drive | J162: 17 | K162: 26 | L162: 20 | M162: Midsize Cars | N162: 3200 | O162: 4 | P162: 4 | Q162: 523 | R162: 338 | S162: 445 | U162: 6500 | W162: Turbocharged | X162: Yes
A163: 2025 | B163: General Motors | C163: Cadillac | D163: ESCALADE 2WD | E163: 6.2 | F163: 8 | G163: Auto(A10) | H163: 10 | I163: 2-Wheel Drive, Rear | J163: 15 | K163: 19 | L163: 17 | M163: Standard SUV 2WD | N163: 3750 | O163: 3 | P163: 3 | Q163: 594 | R163: 467 | S163: 537 | U163: 9250 | W163: Naturally Aspirated | X163: Yes
A164: 2025 | B164: General Motors | C164: Cadillac | D164: ESCALADE 4WD | E164: 6.2 | F164: 8 | G164: Auto(A10) | H164: 10 | I164: 4-Wheel Drive | J164: 14 | K164: 18 | L164: 16 | M164: Standard SUV 4WD | N164: 4000 | O164: 3 | P164: 3 | Q164: 634 | R164: 495 | S164: 572 | U164: 10500 | W164: Naturally Aspirated | X164: Yes
A165: 2025 | B165: General Motors | C165: Cadillac | D165: ESCALADE V AWD | E165: 6.2 | F165: 8 | G165: Auto(S10) | H165: 10 | I165: 4-Wheel Drive | J165: 11 | K165: 17 | L165: 13 | M165: Standard SUV 4WD | N165: 4900 | O165: 1 | P165: 1 | Q165: 782 | R165: 523 | S165: 683 | U165: 15000 | W165: Supercharged | X165: No
A166: 2025 | B166: General Motors | C166: Cadillac | D166: XT4 AWD | E166: 2 | F166: 4 | G166: Auto(S9) | H166: 9 | I166: All Wheel Drive | J166: 23 | K166: 28 | L166: 25 | M166: Small SUV 4WD | N166: 2550 | O166: 5 | P166: 5 | Q166: 392 | R166: 315 | S166: 357 | U166: 3250 | W166: Turbocharged | X166: Yes
A167: 2025 | B167: General Motors | C167: Cadillac | D167: XT4 FWD | E167: 2 | F167: 4 | G167: Auto(S9) | H167: 9 | I167: 2-Wheel Drive, Front | J167: 24 | K167: 29 | L167: 26 | M167: Small SUV 2WD | N167: 2450 | O167: 5 | P167: 5 | Q167: 376 | R167: 303 | S167: 343 | U167: 2750 | W167: Turbocharged | X167: Yes
A168: 2025 | B168: General Motors | C168: Cadillac | D168: XT5 AWD | E168: 2 | F168: 4 | G168: Auto(S9) | H168: 9 | I168: All Wheel Drive | J168: 21 | K168: 27 | L168: 23 | M168: Small SUV 4WD | N168: 2750 | O168: 5 | P168: 5 | Q168: 422 | R168: 329 | S168: 386 | U168: 4250 | W168: Turbocharged | X168: Yes
A169: 2025 | B169: General Motors | C169: Cadillac | D169: XT5 AWD | E169: 3.6 | F169: 6 | G169: Auto(S9) | H169: 9 | I169: All Wheel Drive | J169: 18 | K169: 26 | L169: 21 | M169: Small SUV 4WD | N169: 2500 | O169: 4 | P169: 4 | Q169: 486 | R169: 348 | S169: 424 | U169: 3000 | W169: Naturally Aspirated | X169: Yes
A170: 2025 | B170: General Motors | C170: Cadillac | D170: XT5 FWD | E170: 2 | F170: 4 | G170: Auto(S9) | H170: 9 | I170: 2-Wheel Drive, Front | J170: 22 | K170: 29 | L170: 24 | M170: Small SUV 2WD | N170: 2650 | O170: 5 | P170: 5 | Q170: 403 | R170: 303 | S170: 370 | U170: 3750 | W170: Turbocharged | X170: Yes
A171: 2025 | B171: General Motors | C171: Cadillac | D171: XT5 FWD | E171: 3.6 | F171: 6 | G171: Auto(S9) | H171: 9 | I171: 2-Wheel Drive, Front | J171: 19 | K171: 26 | L171: 21 | M171: Small SUV 2WD | N171: 2500 | O171: 4 | P171: 4 | Q171: 479 | R171: 344 | S171: 418 | U171: 3000 | W171: Naturally Aspirated | X171: Yes
A172: 2025 | B172: General Motors | C172: Cadillac | D172: XT6 AWD | E172: 2 | F172: 4 | G172: Auto(S9) | H172: 9 | I172: All Wheel Drive | J172: 21 | K172: 26 | L172: 23 | M172: Small SUV 4WD | N172: 2750 | O172: 5 | P172: 5 | Q172: 422 | R172: 341 | S172: 386 | U172: 4250 | W172: Turbocharged | X172: Yes
A173: 2025 | B173: General Motors | C173: Cadillac | D173: XT6 AWD | E173: 3.6 | F173: 6 | G173: Auto(S9) | H173: 9 | I173: All Wheel Drive | J173: 18 | K173: 25 | L173: 20 | M173: Small SUV 4WD | N173: 2600 | O173: 4 | P173: 4 | Q173: 497 | R173: 360 | S173: 435 | U173: 3500 | W173: Naturally Aspirated | X173: Yes
... A186: 2025 | B186: General Motors | C186: Chevrolet | D186: CORVETTE E-RAY | E186: 6.2 | F186: 8 | G186: Auto(S8) | H186: 8 | I186: All Wheel Drive | J186: 16 | K186: 24 | L186: 19 | M186: Two Seaters | N186: 3350 | O186: 4 | P186: 4 | Q186: 566 | R186: 368 | S186: 477 | U186: 7250 | W186: Naturally Aspirated | X186: Yes
A187: 2025 | B187: General Motors | C187: Chevrolet | D187: CORVETTE Z06 | E187: 5.5 | F187: 8 | G187: Auto(S8) | H187: 8 | I187: 2-Wheel Drive, Rear | J187: 12 | K187: 20 | L187: 14 | M187: Two Seaters | N187: 4550 | O187: 2 | P187: 2 | Q187: 755 | R187: 442 | S187: 614 | U187: 13250 | V187: G | W187: Naturally Aspirated | X187: No
A188: 2025 | B188: General Motors | C188: Chevrolet | D188: CORVETTE Z06 CARBON AERO | E188: 5.5 | F188: 8 | G188: Auto(S8) | H188: 8 | I188: 2-Wheel Drive, Rear | J188: 12 | K188: 19 | L188: 14 | M188: Two Seaters | N188: 4550 | O188: 2 | P188: 2 | Q188: 756 | R188: 478 | S188: 631 | U188: 13250 | V188: G | W188: Naturally Aspirated | X188: No
A189: 2025 | B189: General Motors | C189: Chevrolet | D189: CORVETTE ZR1 | E189: 5.5 | F189: 8 | G189: Auto(S8) | H189: 8 | I189: 2-Wheel Drive, Rear | J189: 12 | K189: 18 | L189: 14 | M189: Two Seaters | N189: 4550 | O189: 2 | P189: 2 | Q189: 756 | R189: 490 | S189: 637 | U189: 13250 | V189: G | W189: Turbocharged | X189: No
A190: 2025 | B190: General Motors | C190: Chevrolet | D190: EQUINOX AWD | E190: 1.5 | F190: 4 | G190: Auto(A8) | H190: 8 | I190: All Wheel Drive | J190: 24 | K190: 29 | L190: 26 | M190: Small SUV 4WD | N190: 2000 | O190: 5 | P190: 5 | Q190: 377 | R190: 305 | S190: 344 | U190: 500 | W190: Turbocharged | X190: Yes
A191: 2025 | B191: General Motors | C191: Chevrolet | D191: EQUINOX FWD | E191: 1.5 | F191: 4 | G191: Auto(AV) | H191: 1 | I191: 2-Wheel Drive, Front | J191: 26 | K191: 28 | L191: 27 | M191: Small SUV 2WD | N191: 1950 | O191: 5 | P191: 5 | Q191: 346 | R191: 314 | S191: 332 | U191: 250 | W191: Turbocharged | X191: Yes
...

Sheet ICE_Pivot
A3: Row Labels | B3: Avg MPG | C3: Avg Annual Fuel Cost | D3: Avg GHG Rating | E3: Average of Extra_Spend_5yr
A4: Compact Cars | B4: 28.708333 | C4: 2249.3056 | D4: 5.6111111 | E4: 3490
A5: Large Cars | B5: 25.358974 | C5: 2688.4615 | D5: 4.8205128 | E5: 5922.4138
A6: Midsize Cars | B6: 30.277108 | C6: 2160.241 | D6: 5.6746988 | E6: 4122.3404
A7: Midsize Station Wagons | B7: 23 | C7: 2830 | D7: 4.6 | E7: 4650
A8: Minicompact Cars | B8: 20.413793 | C8: 3227.5862 | D8: 4.137931 | E8: 6637.931
A9: Small Pick-up Trucks 2WD | B9: 26.5 | C9: 2100 | D9: 5.5 | E9: 2166.6667
A10: Small Pick-up Trucks 4WD | B10: 23.666667 | C10: 2288.8889 | D10: 4.6666667 | E10: 2500
A11: Small Station Wagons | B11: 27.421053 | C11: 2171.0526 | D11: 5.4210526 | E11: 3777.7778
A12: Small SUV 2WD | B12: 28.315789 | C12: 1985.0877 | D12: 5.5964912 | E12: 2043.1034
A13: Small SUV 4WD | B13: 25.3 | C13: 2335.8824 | D13: 5.0705882 | E13: 3173.6641
A14: Special Purpose Vehicle 2WD | B14: 28.5 | C14: 2250 | D14: 6 | E14: 1750
A15: Special Purpose Vehicle cab chassis | B15: 15.5 | C15: 3400 | D15: 2.5 | E15: 7500
... A24: Grand Total | B24: 23.892857 | C24: 2641.6475 | D24: 4.6912442 | E24: 4873.5994

Sheet Comparison
A1: Vehicle_Class | B1: Avg EV MPGe | C1: Avg ICE MPG | D1: Avg EV Fuel Cost | E1: Avg ICE Fuel Cost | F1: Fuel Cost Difference | G1: Avg EV GHG | H1: Avg ICE GHG
A2: Compact Cars | B2: =VLOOKUP(A2,EV_Pivot!$A$4:$E$21,2,0) -> 63.971429 | C2: =VLOOKUP(A2,ICE_Pivot!$A$4:$E$23,2,0) -> 28.708333 | D2: =VLOOKUP(A2,EV_Pivot!$A$4:$E$21,3,0) -> 910 | E2: =VLOOKUP(A2,ICE_Pivot!$A$4:$E$23,3,0) -> 2249.3056 | F2: =(E2-D2) -> 1339.3056 | G2: =VLOOKUP(A2,EV_Pivot!$A$4:$E$21,4,0) -> 10 | H2: =VLOOKUP(A2,ICE_Pivot!$A$4:$E$23,4,0) -> 5.6111111
A3: Large Cars | B3: =VLOOKUP(A3,EV_Pivot!$A$4:$E$21,2,0) -> 67.960526 | C3: =VLOOKUP(A3,ICE_Pivot!$A$4:$E$23,2,0) -> 25.358974 | D3: =VLOOKUP(A3,EV_Pivot!$A$4:$E$21,3,0) -> 812.5 | E3: =VLOOKUP(A3,ICE_Pivot!$A$4:$E$23,3,0) -> 2688.4615 | F3: =(E3-D3) -> 1875.9615 | G3: =VLOOKUP(A3,EV_Pivot!$A$4:$E$21,4,0) -> 10 | H3: =VLOOKUP(A3,ICE_Pivot!$A$4:$E$23,4,0) -> 4.8205128
A4: Midsize Cars | B4: =VLOOKUP(A4,EV_Pivot!$A$4:$E$21,2,0) -> 68.62 | C4: =VLOOKUP(A4,ICE_Pivot!$A$4:$E$23,2,0) -> 30.277108 | D4: =VLOOKUP(A4,EV_Pivot!$A$4:$E$21,3,0) -> 808 | E4: =VLOOKUP(A4,ICE_Pivot!$A$4:$E$23,3,0) -> 2160.241 | F4: =(E4-D4) -> 1352.241 | G4: =VLOOKUP(A4,EV_Pivot!$A$4:$E$21,4,0) -> 10 | H4: =VLOOKUP(A4,ICE_Pivot!$A$4:$E$23,4,0) -> 5.6746988
A5: Midsize Station Wagons | B5: =VLOOKUP(A5,EV_Pivot!$A$4:$E$21,2,0) -> 61.5 | C5: =VLOOKUP(A5,ICE_Pivot!$A$4:$E$23,2,0) -> 23 | D5: =VLOOKUP(A5,EV_Pivot!$A$4:$E$21,3,0) -> 987.5 | E5: =VLOOKUP(A5,ICE_Pivot!$A$4:$E$23,3,0) -> 2830 | F5: =(E5-D5) -> 1842.5 | G5: =VLOOKUP(A5,EV_Pivot!$A$4:$E$21,4,0) -> 10 | H5: =VLOOKUP(A5,ICE_Pivot!$A$4:$E$23,4,0) -> 4.6
A6: Minicompact Cars | B6: =VLOOKUP(A6,EV_Pivot!$A$4:$E$21,2,0) -> 71.5 | C6: =VLOOKUP(A6,ICE_Pivot!$A$4:$E$23,2,0) -> 20.413793 | D6: =VLOOKUP(A6,EV_Pivot!$A$4:$E$21,3,0) -> 725 | E6: =VLOOKUP(A6,ICE_Pivot!$A$4:$E$23,3,0) -> 3227.5862 | F6: =(E6-D6) -> 2502.5862 | G6: =VLOOKUP(A6,EV_Pivot!$A$4:$E$21,4,0) -> 10 | H6: =VLOOKUP(A6,ICE_Pivot!$A$4:$E$23,4,0) -> 4.137931
A7: Small Pick-up Trucks 2WD | B7: N/A | C7: =VLOOKUP(A7,ICE_Pivot!$A$4:$E$23,2,0) -> 26.5 | D7: N/A | E7: =VLOOKUP(A7,ICE_Pivot!$A$4:$E$23,3,0) -> 2100 | F7: =IF(D7="N/A","N/A",E7-D7) -> N/A | G7: =IF(D7="N/A","N/A",E7-D7) -> N/A | H7: =VLOOKUP(A7,ICE_Pivot!$A$4:$E$23,4,0) -> 5.5
A8: Small Pick-up Trucks 4WD | B8: N/A | C8: =VLOOKUP(A8,ICE_Pivot!$A$4:$E$23,2,0) -> 23.666667 | D8: N/A | E8: =VLOOKUP(A8,ICE_Pivot!$A$4:$E$23,3,0) -> 2288.8889 | F8: =IF(D8="N/A","N/A",E8-D8) -> N/A | G8: =IF(D8="N/A","N/A",E8-D8) -> N/A | H8: =VLOOKUP(A8,ICE_Pivot!$A$4:$E$23,4,0) -> 4.6666667
A9: Small Station Wagons | B9: =VLOOKUP(A9,EV_Pivot!$A$4:$E$21,2,0) -> 61.5 | C9: =VLOOKUP(A9,ICE_Pivot!$A$4:$E$23,2,0) -> 27.421053 | D9: =VLOOKUP(A9,EV_Pivot!$A$4:$E$21,3,0) -> 1000 | E9: =VLOOKUP(A9,ICE_Pivot!$A$4:$E$23,3,0) -> 2171.0526 | F9: =(E9-D9) -> 1171.0526 | G9: =VLOOKUP(A9,EV_Pivot!$A$4:$E$21,4,0) -> 10 | H9: =VLOOKUP(A9,ICE_Pivot!$A$4:$E$23,4,0) -> 5.4210526
A10: Small SUV 2WD | B10: =VLOOKUP(A10,EV_Pivot!$A$4:$E$21,2,0) -> 69.878788 | C10: =VLOOKUP(A10,ICE_Pivot!$A$4:$E$23,2,0) -> 28.315789 | D10: =VLOOKUP(A10,EV_Pivot!$A$4:$E$21,3,0) -> 744.69697 | E10: =VLOOKUP(A10,ICE_Pivot!$A$4:$E$23,3,0) -> 1985.0877 | F10: =(E10-D10) -> 1240.3907 | G10: =VLOOKUP(A10,EV_Pivot!$A$4:$E$21,4,0) -> 10 | H10: =VLOOKUP(A10,ICE_Pivot!$A$4:$E$23,4,0) -> 5.5964912
A11: Small SUV 4WD | B11: =VLOOKUP(A11,EV_Pivot!$A$4:$E$21,2,0) -> 65.45 | C11: =VLOOKUP(A11,ICE_Pivot!$A$4:$E$23,2,0) -> 25.3 | D11: =VLOOKUP(A11,EV_Pivot!$A$4:$E$21,3,0) -> 860 | E11: =VLOOKUP(A11,ICE_Pivot!$A$4:$E$23,3,0) -> 2335.8824 | F11: =(E11-D11) -> 1475.8824 | G11: =VLOOKUP(A11,EV_Pivot!$A$4:$E$21,4,0) -> 10 | H11: =VLOOKUP(A11,ICE_Pivot!$A$4:$E$23,4,0) -> 5.0705882
A12: Special Purpose Vehicle 2WD | B12: =VLOOKUP(A12,EV_Pivot!$A$4:$E$21,2,0) -> 62.5 | C12: =VLOOKUP(A12,ICE_Pivot!$A$4:$E$23,2,0) -> 28.5 | D12: =VLOOKUP(A12,EV_Pivot!$A$4:$E$21,3,0) -> 950 | E12: =VLOOKUP(A12,ICE_Pivot!$A$4:$E$23,3,0) -> 2250 | F12: =(E12-D12) -> 1300 | G12: =VLOOKUP(A12,EV_Pivot!$A$4:$E$21,4,0) -> 10 | H12: =VLOOKUP(A12,ICE_Pivot!$A$4:$E$23,4,0) -> 6
A13: Special Purpose Vehicle cab chassis | B13: N/A | C13: =VLOOKUP(A13,ICE_Pivot!$A$4:$E$23,2,0) -> 15.5 | D13: N/A | E13: =VLOOKUP(A13,ICE_Pivot!$A$4:$E$23,3,0) -> 3400 | F13: N/A | G13: N/A | H13: =VLOOKUP(A13,ICE_Pivot!$A$4:$E$23,4,0) -> 2.5
A14: Special Purpose Vehicle, minivan 2WD | B14: =VLOOKUP(A14,EV_Pivot!$A$4:$E$21,2,0) -> 62 | C14: =VLOOKUP(A14,ICE_Pivot!$A$4:$E$23,2,0) -> 26 | D14: =VLOOKUP(A14,EV_Pivot!$A$4:$E$21,3,0) -> 1000 | E14: =VLOOKUP(A14,ICE_Pivot!$A$4:$E$23,3,0) -> 2125 | F14: =(E14-D14) -> 1125 | G14: =VLOOKUP(A14,EV_Pivot!$A$4:$E$21,4,0) -> 10 | H14: =VLOOKUP(A14,ICE_Pivot!$A$4:$E$23,4,0) -> 5.3333333
A15: Special Purpose Vehicle, minivan 4WD | B15: =VLOOKUP(A15,EV_Pivot!$A$4:$E$21,2,0) -> 61 | C15: =VLOOKUP(A15,ICE_Pivot!$A$4:$E$23,2,0) -> 27.5 | D15: =VLOOKUP(A15,EV_Pivot!$A$4:$E$21,3,0) -> 1000 | E15: =VLOOKUP(A15,ICE_Pivot!$A$4:$E$23,3,0) -> 2050 | F15: =(E15-D15) -> 1050 | G15: =VLOOKUP(A15,EV_Pivot!$A$4:$E$21,4,0) -> 10 | H15: =VLOOKUP(A15,ICE_Pivot!$A$4:$E$23,4,0) -> 5.5
A16: Standard Pick-up Trucks 2WD | B16: =VLOOKUP(A16,EV_Pivot!$A$4:$E$21,2,0) -> 61 | C16: =VLOOKUP(A16,ICE_Pivot!$A$4:$E$23,2,0) -> 20.478261 | D16: =VLOOKUP(A16,EV_Pivot!$A$4:$E$21,3,0) -> 1025 | E16: =VLOOKUP(A16,ICE_Pivot!$A$4:$E$23,3,0) -> 2615.2174 | F16: =(E16-D16) -> 1590.2174 | G16: =VLOOKUP(A16,EV_Pivot!$A$4:$E$21,4,0) -> 10 | H16: =VLOOKUP(A16,ICE_Pivot!$A$4:$E$23,4,0) -> 4.2173913
A17: Standard Pick-up Trucks 4WD | B17: =VLOOKUP(A17,EV_Pivot!$A$4:$E$21,2,0) -> 60.064103 | C17: =VLOOKUP(A17,ICE_Pivot!$A$4:$E$23,2,0) -> 18.171429 | D17: =VLOOKUP(A17,EV_Pivot!$A$4:$E$21,3,0) -> 1269.2308 | E17: =VLOOKUP(A17,ICE_Pivot!$A$4:$E$23,3,0) -> 3088.5714 | F17: =(E17-D17) -> 1819.3407 | G17: =VLOOKUP(A17,EV_Pivot!$A$4:$E$21,4,0) -> 9.8974359 | H17: =VLOOKUP(A17,ICE_Pivot!$A$4:$E$23,4,0) -> 3.4285714
A18: Standard SUV 2WD | B18: =VLOOKUP(A18,EV_Pivot!$A$4:$E$21,2,0) -> 65.541667 | C18: =VLOOKUP(A18,ICE_Pivot!$A$4:$E$23,2,0) -> 20.973684 | D18: =VLOOKUP(A18,EV_Pivot!$A$4:$E$21,3,0) -> 852.08333 | E18: =VLOOKUP(A18,ICE_Pivot!$A$4:$E$23,3,0) -> 2785.5263 | F18: =(E18-D18) -> 1933.443 | G18: =VLOOKUP(A18,EV_Pivot!$A$4:$E$21,4,0) -> 10 | H18: =VLOOKUP(A18,ICE_Pivot!$A$4:$E$23,4,0) -> 4.1578947
A19: Standard SUV 4WD | B19: =VLOOKUP(A19,EV_Pivot!$A$4:$E$21,2,0) -> 61.819355 | C19: =VLOOKUP(A19,ICE_Pivot!$A$4:$E$23,2,0) -> 19.5 | D19: =VLOOKUP(A19,EV_Pivot!$A$4:$E$21,3,0) -> 1015.8065 | E19: =VLOOKUP(A19,ICE_Pivot!$A$4:$E$23,3,0) -> 3213.4328 | F19: =(E19-D19) -> 2197.6264 | G19: =VLOOKUP(A19,EV_Pivot!$A$4:$E$21,4,0) -> 10 | H19: =VLOOKUP(A19,ICE_Pivot!$A$4:$E$23,4,0) -> 3.8134328
A20: Subcompact Cars | B20: =VLOOKUP(A20,EV_Pivot!$A$4:$E$21,2,0) -> 62.5 | C20: =VLOOKUP(A20,ICE_Pivot!$A$4:$E$23,2,0) -> 23.40678 | D20: =VLOOKUP(A20,EV_Pivot!$A$4:$E$21,3,0) -> 940 | E20: =VLOOKUP(A20,ICE_Pivot!$A$4:$E$23,3,0) -> 2777.1186 | F20: =(E20-D20) -> 1837.1186 | G20: =VLOOKUP(A20,EV_Pivot!$A$4:$E$21,4,0) -> 10 | H20: =VLOOKUP(A20,ICE_Pivot!$A$4:$E$23,4,0) -> 4.7627119
A21: Two Seaters | B21: =VLOOKUP(A21,EV_Pivot!$A$4:$E$21,2,0) -> 58.25 | C21: =VLOOKUP(A21,ICE_Pivot!$A$4:$E$23,2,0) -> 19.627907 | D21: =VLOOKUP(A21,EV_Pivot!$A$4:$E$21,3,0) -> 1550 | E21: =VLOOKUP(A21,ICE_Pivot!$A$4:$E$23,3,0) -> 3418.6047 | F21: =(E21-D21) -> 1868.6047 | G21: =VLOOKUP(A21,EV_Pivot!$A$4:$E$21,4,0) -> 10 | H21: =VLOOKUP(A21,ICE_Pivot!$A$4:$E$23,4,0) -> 3.8604651

Sheet Cost_Model
A1: EV vs ICE — 5 Year Fuel Cost Comparison
A3: INPUTS
B4: EV | C4: ICE | D4: Source
A5: Avg Annual Fuel Cost ($) | B5: =EV_Pivot!C22 -> 942.40602 | C5: =ICE_Pivot!C24 -> 2641.6475 | D5: EPA 2025 dataset average
A6: Years of Ownership | B6: 5 | C6: 5 | D6: User input; adjust as needed
A8: CALCULATIONS
B9: EV | C9: ICE
A10: Total Fuel Cost ($) | B10: =B5*B6 -> 4712.0301 | C10: =C5*C6 -> 13208.237
A11: Total Fuel Savings choosing EV ($) | B11: =C10-B10 -> 8496.2073
A12: Avg EPA 5yr Savings | B12: =EV_Pivot!F22 -> 4853.7594 | D12: EPA Savings_5yr column average
A13: Avg 5yr Extra Spending | C13: =ICE_Pivot!E24 -> 4873.5994 | D13: Extra Spending 5yr Average
A15: Note: Purchase price, maintenance, insurance and depreciation are outside the scope of this EPA dataset.
